{
  "hash": "fb796f74",
  "configHash": "c236fd4e",
  "lockfileHash": "bbe130ad",
  "browserHash": "0937e69b",
  "optimized": {
    "@angular/common": {
      "src": "../../../../../../node_modules/@angular/common/fesm2022/common.mjs",
      "file": "@angular_common.js",
      "fileHash": "5dfbc9d9",
      "needsInterop": false
    },
    "@angular/core": {
      "src": "../../../../../../node_modules/@angular/core/fesm2022/core.mjs",
      "file": "@angular_core.js",
      "fileHash": "7e04848a",
      "needsInterop": false
    },
    "@angular/forms": {
      "src": "../../../../../../node_modules/@angular/forms/fesm2022/forms.mjs",
      "file": "@angular_forms.js",
      "fileHash": "0eb4dca9",
      "needsInterop": false
    },
    "@angular/platform-browser": {
      "src": "../../../../../../node_modules/@angular/platform-browser/fesm2022/platform-browser.mjs",
      "file": "@angular_platform-browser.js",
      "fileHash": "c57768cb",
      "needsInterop": false
    },
    "@angular/router": {
      "src": "../../../../../../node_modules/@angular/router/fesm2022/router.mjs",
      "file": "@angular_router.js",
      "fileHash": "1164baa6",
      "needsInterop": false
    }
  },
  "chunks": {
    "chunk-OLEY3AMY": {
      "file": "chunk-OLEY3AMY.js"
    },
    "chunk-KSXU6XDB": {
      "file": "chunk-KSXU6XDB.js"
    },
    "chunk-QUW5EQHX": {
      "file": "chunk-QUW5EQHX.js"
    }
  }
}